admin	admin1234	Admin	DongMin	Pohang south 69-1	M	1997-01-01	\N	\N	2018-11-11 18:00
11n2jg49y7	8713v8nx5kt	Basic	Adaliel	SoonCheon east 7-37	M	1995-10-22	\N	010-0033-3782	2018-11-12 18:00
8uv426d03v	1n207jw518u9	Premium	Aeiluci	Goyang south 27-96	F	1942-01-26	\N	010-0056-3714	2018-11-13 18:00
4x76s495	9hadu6894jv84	Premium	Aennenka	Changwon east 73-66	M	1981-12-16	baker	010-0062-2629	2018-11-14 18:00
snyx4naja7a4	q5hshz2h070	Prime	Agwawrendol	Busan west 22-8	M	1936-11-08	\N	010-0068-3455	2018-11-15 18:00
2rk58ge7	t9up2c6y	Basic	Agwends	Suwon west 165-1	M	2007-08-24	\N	010-0126-2539	2018-11-16 18:00
24423tz2	bx5q966gb	Basic	Ailastin	Busan east 2-19	M	1936-01-27	journalist	010-0132-5105	2018-11-17 18:00
2dj3s3lv66t7	94pln49574s	Basic	Ailise	Daejeon west 73-89	F	1996-06-24	cartonnist	010-0235-2504	2018-11-18 18:00
0bm34v906f1	q97on5e6	Premium	Alangis	Incheon north 205-12	F	2004-06-16	\N	010-0247-5731	2018-11-19 18:00
v2pf2n	997iuvrp7n5g6e	Basic	Aleanyonne	Changwon west 165-99	M	1989-11-16	\N	010-0263-2685	2018-11-20 18:00
ew58c1yue	58gi2v3951sd7h2	Premium	Algard	Seoul west 212-11	F	1935-12-15	\N	010-0289-5386	2018-11-21 18:00
85dl3k94e7d	ug64u0c9s5n	Premium	Algardine	Pohang north 203-10	F	2016-11-15	designer	\N	2018-11-22 18:00
09846n81	g79cgpvi9l0w7kmd	Premium	Amlain	Incheon east 64-32	F	1961-02-27	\N	010-0320-9640	2018-11-23 18:00
1926995uc1	fegqzy69kdrq	Premium	Anargene	Incheon east 154-60	M	1980-06-24	butcher	010-0335-3120	2018-11-24 18:00
829s4u4i	86i93pwio7r2u02	Premium	Apudicheln	SoonCheon north 28-85	F	2014-03-27	\N	\N	2018-11-25 18:00
0dlf362	xv1xx2e2c0kfg8	Premium	Arford	Daejeon south 20-32	F	1945-01-06	\N	010-0381-3900	2018-11-26 18:00
abnyxf020igf3	a89u2a26q9	Premium	Arforksen	Suwon north 120-83	F	2018-08-11	baker	\N	2018-11-27 18:00
b494b391g22	84k692h8j	Premium	Argormon	Gumi west 107-30	M	1960-09-14	doctor	010-0452-6179	2018-11-28 18:00
7hnd67mky836	n4083wzet1q0	Premium	Armosia	Gyeongju east 46-69	M	2005-04-11	\N	010-0465-5753	2018-11-29 18:00
a2002rf	007k01t	Basic	Arneis	Ulsan north 142-83	F	1954-07-11	\N	010-0476-3919	2018-11-30 18:00
65jaxv9030	zu30q8w879q4	Premium	Arneisinea	Jeju north 224-53	M	1943-03-03	\N	010-0501-3266	2018-12-01 18:00
hk314v19dqx	a3bt689xb4o30	Basic	Arwenne	Gyeongju east 153-46	F	1992-10-04	\N	010-0532-7870	2018-12-02 18:00
u5vbhg3kd	isw42p	Basic	Baldiccand	Incheon east 90-66	F	1938-11-03	\N	010-0534-9982	2018-12-03 18:00
muwj3s3	d3tt91250g1zt1u	Premium	Baviann	Suwon south 35-72	F	2009-06-24	baker	010-0545-1820	2018-12-04 18:00
ln2hbpyi0i1m	mjr09b9unnr9f7f	Premium	Beleann	Gumi west 62-44	F	2007-12-08	\N	010-0553-9997	2018-12-05 18:00
q3d42s	uqhl3w1al	Prime	Bellanvyl	Ulsan north 120-24	M	1945-08-23	\N	010-0564-7072	2018-12-06 18:00
kkak2j8	6pc9ki44xpwn1v3	Premium	Bevina	Gumi south 116-51	M	1985-09-29	\N	010-0587-7306	2018-12-07 18:00
77rv502rh	ul92e35pa9ln86l9	Prime	Bledan	Seoul east 185-20	M	2017-06-30	\N	010-0593-7442	2018-12-08 18:00
h4w1ylwi74f8	d2h8529x2	Prime	Bleigerethnan	Changwon south 113-56	M	2019-12-22	\N	\N	2018-12-09 18:00
0y49lyx8h	4sg15tefa8uw968u	Premium	Boreeying	Changwon east 233-26	M	1975-12-25	\N	010-0668-8466	2018-12-10 18:00
vb9ye60v245ne	0yh5o3	Premium	Boring	Ulsan south 35-70	M	2002-08-30	cook	010-0700-0546	2018-12-11 18:00
weo8b8	c54p11dem	Premium	Bornacharane	Pohang west 118-60	M	2002-05-30	\N	010-0700-6882	2018-12-12 18:00
67yst098mmj	634cr0wug438s	Premium	Bowenettelindir	Jeju north 76-26	M	1992-09-06	cook	010-0724-4691	2018-12-13 18:00
u2h04ey5j16s	a16539c8xh211yh	Premium	Briches	Daegu north 76-53	F	1958-02-13	\N	010-0790-0447	2018-12-14 18:00
9p68q13	05701jmgr0	Premium	Brigensymson	Seoul east 67-100	M	1940-05-25	\N	010-0802-6151	2018-12-15 18:00
8c4285v	jdc51z44l5qxt5	Premium	Brigeri	Seoul south 55-97	F	1951-04-09	\N	010-0806-2696	2018-12-16 18:00
4t86ert06w4qj	1ov94z234q14j	Premium	Brucia	Changwon south 136-84	M	1959-10-17	cartonnist	010-0807-7116	2018-12-17 18:00
t28322bif	552ff6wd3	Premium	Brynjarn	Busan south 104-9	M	1986-09-01	\N	010-0851-5092	2018-12-18 18:00
9sb1i8	20zn5o18o4	Premium	Cadwedd	Seoul south 4-73	F	1956-11-21	\N	010-0859-7231	2018-12-19 18:00
083f780pllyh0	19yox34	Prime	Cajaireagh	Suwon east 178-100	M	1962-12-09	\N	010-0866-2940	2018-12-20 18:00
6r0g6nfe53	i92eunynnkx49	Basic	Carochmaliett	SoonCheon south 194-54	F	2010-05-26	\N	010-0871-6123	2018-12-21 18:00
09q8e5y94	2kd3k6h9	Basic	Carrandon	Changwon north 22-64	M	1983-02-04	\N	010-1057-9351	2018-12-22 18:00
0e5mi4	1w06fxg	Prime	Catach	Ulsan west 248-84	F	1956-09-27	\N	010-1121-5085	2018-12-23 18:00
9q10593	c0bm2go	Premium	Cechorn	Ulsan west 95-71	M	2001-12-09	\N	010-1137-0003	2018-12-24 18:00
t2399hzp	6y1w06	Premium	Celendalle	Gumi north 7-45	M	2019-04-17	butcher	010-1301-8747	2018-12-25 18:00
91q4o84081pu	28o3xdsn3c76	Premium	Celewindur	SoonCheon north 115-82	M	1999-07-20	\N	010-1312-8656	2018-12-26 18:00
air52cw02092i	9bl354u74nb3	Prime	Cellanderm	Gumi south 179-8	M	2006-06-13	\N	010-1420-6153	2018-12-27 18:00
97178	7tt4d15go	Prime	Celyonen	Suwon west 31-69	M	1991-12-24	doctor	010-1481-5938	2018-12-28 18:00
lz00gtxy	0xa367ba69vh	Basic	Cenburhoniet	Daegu north 7-82	F	1967-11-18	anchor	010-1486-6874	2018-12-29 18:00
7b9r8oyb3e00	q0mfhyz70m3b	Prime	Certhatforwendorr	Goyang north 146-85	F	2016-06-20	\N	\N	2018-12-30 18:00
4hklxpsoa568	46v4609	Premium	Ceshanel	Suwon south 138-3	F	2018-07-05	\N	\N	2018-12-31 18:00
c00addj45	e0ruqp5j8w3s49	Premium	Chenburnen	Pohang east 76-76	M	1957-08-11	journalist	010-1671-9129	2019-01-01 18:00
6vnhd8xyi93p	kmxk5a6	Premium	Comyth	Gyeongju south 177-39	F	1991-03-20	\N	010-1723-1923	2019-01-02 18:00
rbekisxfr0m0	323o2xegng8p1a9	Premium	Contuan	Incheon west 79-45	M	1974-03-16	anchor	010-1730-1694	2019-01-03 18:00
e92i44w	fg3b4onfj6o76	Premium	Corcalan	Gumi west 211-38	M	1966-05-10	\N	010-1761-7902	2019-01-04 18:00
5m2816w66	446x642c0n	Basic	Croccahil	Daegu west 132-90	M	2011-09-08	designer	010-1769-8525	2019-01-05 18:00
1uic2520	ov3xrx5	Premium	Crystine	Ulsan east 96-61	M	2002-03-17	baker	010-1850-3078	2019-01-06 18:00
yu954l6d01	00ox239gw12	Premium	Crystnegero	Ulsan north 45-88	F	1971-06-20	\N	010-1875-9922	2019-01-07 18:00
x6vcecv0	colzia000zf0a	Basic	Cumhara	Seoul north 134-18	F	1956-04-18	\N	010-1892-1828	2019-01-08 18:00
338oiqrbm	txm5h72k2dth6ou	Premium	Curuntas	Gyeongju west 139-91	F	1953-03-04	\N	010-1907-2896	2019-01-09 18:00
y69414tjx	5e7dvog7hfwo0	Premium	Cynveinnon	Goyang east 104-63	M	1954-01-28	\N	010-1925-9213	2019-01-10 18:00
h3103cw	4n7297u8	Basic	Cyrnor	Goyang east 107-10	M	1980-05-07	\N	010-1960-9707	2019-01-11 18:00
n3gzie9d08zm	94i4y33c0y8tm	Basic	Cytesis	Busan south 63-19	F	1946-11-15	\N	010-2172-9111	2019-01-12 18:00
wg9q63	32otab919s	Basic	Dafydd	Changwon north 78-99	M	1973-05-04	\N	010-2236-9894	2019-01-13 18:00
a28adci3	25am91t8pkok1	Premium	Dalphursedeluin	SoonCheon east 82-96	F	1975-11-22	\N	010-2372-6083	2019-01-14 18:00
87p6150	728h6l	Basic	Dariedomena	Gumi north 187-21	F	1955-06-16	\N	010-2462-0858	2019-01-15 18:00
75cgrp48	q290prsy1r37	Prime	Dariedomoirilean	Gumi west 228-48	M	2000-01-12	doctor	010-2490-3056	2019-01-16 18:00
06im4vj97aaac	r4i61mzyl6	Premium	Daufailli	Daegu east 121-73	F	2012-09-12	designer	010-2496-5306	2019-01-17 18:00
i3xh05c7a3v0	w148tu	Premium	DayJeekil	Suwon south 57-40	M	1948-11-26	baker	010-2505-9507	2019-01-18 18:00
j522c8w2	04nxn39of	Premium	Dayleevalon	Daejeon north 42-66	M	2000-12-01	\N	010-2550-5802	2019-01-19 18:00
4115x6	wvz6gm1	Prime	Deagleking	Seoul north 220-4	M	2006-08-16	\N	010-2557-4700	2019-01-20 18:00
aa48652	0j42x93	Basic	Dedithelinassoke	SoonCheon east 140-41	F	1987-11-26	anchor	010-2566-9477	2019-01-21 18:00
15pe5f9oct	85042hy780do	Prime	Deidis	Seoul east 94-97	M	1961-02-14	\N	010-2615-2653	2019-01-22 18:00
9std39	08v2moypqop68	Prime	Delosbert	Daegu west 233-49	F	1956-03-04	\N	010-2621-2147	2019-01-23 18:00
w8mpzz1ij	fv04r8hb7536s3ec	Premium	Deowoesw	Changwon north 167-77	M	1984-04-03	\N	010-2749-4488	2019-01-24 18:00
gsp193k6	l86nk36	Basic	Deowulf	Seoul east 194-24	F	1981-12-05	doctor	010-2762-6206	2019-01-25 18:00
6q87rt9ua5	40d25l6581	Premium	Derunedd	Ulsan west 78-90	F	1959-09-04	\N	010-2826-9668	2019-01-26 18:00
4htv2ob698ak	7fj7l16usqk	Prime	Devedur	Daegu east 80-12	M	1952-05-03	\N	010-2838-8497	2019-01-27 18:00
q9wg627z9	7wpl3868	Premium	Devonaldor	Busan north 193-40	F	1945-10-18	journalist	010-2846-1380	2019-01-28 18:00
673l052	c5h975s0	Prime	Doclus	Seoul west 213-7	M	2007-06-29	\N	010-2893-9924	2019-01-29 18:00
0x35421	v2azr844ouo643	Basic	Domnor	Daejeon north 52-95	F	1983-10-05	\N	010-2904-8375	2019-01-30 18:00
yj50e1nw92	x481w9ojcf	Basic	Domnoreena	SoonCheon west 200-12	M	1942-10-13	\N	010-2905-2704	2019-01-31 18:00
6kllw7650d	yunvp9z1owi1	Premium	Dougal	Jeju south 187-81	M	1979-06-14	engineer	010-2931-2342	2019-02-01 18:00
esg940561	8xejq29i870ewvl0	Premium	Drendiriatherinel	Goyang south 223-91	M	1963-02-06	designer	010-2933-3022	2019-02-02 18:00
0zy96nfb9oi	ss5281u80	Premium	Duarcinda	Gumi west 178-94	F	1958-08-03	anchor	010-2973-8882	2019-02-03 18:00
bpdr18099676	cj6509	Prime	Dumnogabail	SoonCheon south 92-61	F	1959-11-29	\N	010-2988-9534	2019-02-04 18:00
kf3pep9j93	81hogma	Basic	Dumsudden	Incheon south 229-35	M	1996-10-26	\N	010-3027-9732	2019-02-05 18:00
cit80qt18bquv	13d2qxt	Basic	Dunobaredor	Daejeon south 98-65	M	1996-09-04	engineer	010-3036-8635	2019-02-06 18:00
0d6027myiy	4tqdgn03wmdi7152	Premium	Ealgomara	Ulsan south 149-50	F	2015-05-07	cartonnist	\N	2019-02-07 18:00
u98l50i	s12dss2f	Premium	Ebyeolhae	Paju east 11-56	F	1955-11-06	\N	010-3204-1738	2019-02-08 18:00
087027wq6x	v000f6z73wcaz3j	Premium	Edhelmarlynce	Busan west 86-69	M	1998-01-26	\N	010-3204-8319	2019-02-09 18:00
rapqi47	saylg5hi1l87	Basic	Edmund	Pohang south 215-98	F	1938-08-30	cartonnist	010-3359-6777	2019-02-10 18:00
7gjhw6	3e4jyti7g	Premium	Eithapiardanie	Busan west 216-59	M	1961-11-30	cook	010-3393-8115	2019-02-11 18:00
2ivw773cge06	iet155w39ya38	Premium	Elfhilliante	Ulsan west 72-3	F	1972-10-29	\N	010-3416-9586	2019-02-12 18:00
7owp39m8	hc0322m62ra4n	Premium	Elindualadir	Ulsan east 155-58	F	1976-03-16	cartonnist	010-3454-8464	2019-02-13 18:00
76v1d7	4s033rta9	Premium	Elphon	Jeju south 6-32	M	1982-10-27	\N	010-3469-6814	2019-02-14 18:00
wuw4l9tbz28	83m12z7el6884	Prime	Emorgeolarsabelina	Suwon south 104-19	M	2013-09-27	\N	010-3486-1560	2019-02-15 18:00
x2lkq938784	3zs13om85y9h	Basic	Eozennon	Gumi north 17-15	M	1949-02-07	journalist	010-3502-3492	2019-02-16 18:00
b98wnv65	ic9f523zmi2t	Premium	Eregodilipsean	Incheon east 181-5	M	2019-05-24	\N	010-3526-8742	2019-02-17 18:00
7lbz2q4	h7l123lfy9vu9	Basic	Eribhilos	Ulsan west 65-82	F	1977-11-08	\N	010-3704-5897	2019-02-18 18:00
e641ir5c6	33870184z8za	Premium	Essuibhil	Changwon south 20-89	F	1976-12-11	\N	010-3708-6053	2019-02-19 18:00
nhw9xb7	u879zshd	Premium	Eudoun	Daegu north 191-8	M	1944-06-21	\N	010-3735-2966	2019-02-20 18:00
7y0nav	q69b28mrwbak61	Prime	Faolaigli	Incheon north 17-7	F	2012-03-12	journalist	010-3743-4242	2019-02-21 18:00
i56y83mdsglzo	3124q9m6	Basic	Fareginorrios	Busan west 19-30	M	1998-02-07	\N	010-3752-5008	2019-02-22 18:00
bg24he	z56s350a4lam7	Prime	Farminda	Busan north 122-21	F	1948-02-27	\N	010-3777-8886	2019-02-23 18:00
73um6090	w105ocv	Prime	Farmoriad	Suwon west 207-28	M	2001-09-17	\N	010-3822-3211	2019-02-24 18:00
37cysr3dc9g7	q1g5025w3300ps7w	Premium	Fedenza	Pohang east 51-19	F	1940-01-27	journalist	010-3845-4966	2019-02-25 18:00
3m9lf7tep	2802o2457loc8	Prime	Fersuarez	Pohang west 78-90	M	1979-03-26	cook	010-3854-4285	2019-02-26 18:00
692wn7jtr	4149n1507u74jy7d	Premium	Fervez	Pohang west 227-49	M	2003-02-11	\N	010-3885-8912	2019-02-27 18:00
41p0ejyxlo	7emi64bv9l8049bb	Premium	Ficilleyn	Gumi east 223-20	F	1999-07-23	\N	010-3895-7139	2019-02-28 18:00
7bi21j5ck	05y3u03n2jix	Prime	Finnelianui	Pohang north 188-77	M	1973-07-07	\N	010-3947-4884	2019-03-01 18:00
w5th5d	959ilc5	Basic	Fioloit	Pohang west 144-98	F	1962-10-24	cook	010-4044-1644	2019-03-02 18:00
qiri4spj652w	19t26a0u	Premium	Fionalt	Ulsan east 5-64	M	1950-01-25	\N	010-4111-5440	2019-03-03 18:00
4b1k960503	3j9551r	Premium	Fionessorn	Incheon east 176-48	M	1967-03-16	\N	010-4117-7581	2019-03-04 18:00
zdpqja34	0f9d16t4fn5	Basic	Firing	Suwon east 62-33	M	2014-05-15	\N	010-4164-8737	2019-03-05 18:00
jbwr98f300h2	11urp6c	Premium	Firneld	Daegu south 179-14	M	1997-06-17	baker	010-4170-8060	2019-03-06 18:00
ofmp2mc4a	c268742g90wzlr5	Premium	Floyderneuot	Seoul west 213-98	M	2019-11-20	baker	\N	2019-03-07 18:00
02k3ftzh8	106vvu0tf1n	Prime	Floyderverenbeola	Suwon west 153-97	M	1954-09-02	doctor	010-4343-5243	2019-03-08 18:00
4q0yuquew8	mml84w	Premium	Foiliwine	Suwon west 13-85	M	1936-10-18	\N	010-4408-0119	2019-03-09 18:00
l4v12gx04	yn00xb8g	Basic	Forden	Suwon south 11-17	F	1985-01-03	\N	010-4481-0789	2019-03-10 18:00
dq796kyxj9	6c1qvz3g	Basic	Freall	Pohang east 241-93	F	1997-01-06	\N	010-4487-0311	2019-03-11 18:00
ykpmeb	4wettwm3	Basic	Frediniam	Goyang north 212-70	F	1982-01-20	\N	010-4488-4725	2019-03-12 18:00
h2x2v26d1	3mxv236724	Premium	Frohebed	Changwon north 88-34	F	1938-03-08	\N	010-4496-4938	2019-03-13 18:00
2gotm0tm1sc2	jve33pw	Prime	Frohered	Busan north 239-27	F	2014-11-02	doctor	010-4496-7393	2019-03-14 18:00
13805w9j8yy	q49n6i9	Premium	Fuchtanor	Suwon south 165-24	M	2010-10-11	\N	010-4601-9985	2019-03-15 18:00
s3uujf3040	5t25swwx747o0	Basic	Gardana	Changwon south 72-77	F	1987-07-06	engineer	010-4667-2086	2019-03-16 18:00
88ub7c4m	3458ba7bp	Premium	Garred	Daejeon north 163-49	M	1984-03-14	\N	010-4708-6884	2019-03-17 18:00
eesmpwr2n80	297595g7r70nwn	Premium	Gautinex	Suwon north 196-13	F	1985-06-15	\N	010-4717-4828	2019-03-18 18:00
n7470su96	915vlc80vlxo8v2g	Prime	Gautius	Seoul south 142-6	M	1956-08-05	\N	010-4728-9199	2019-03-19 18:00
e4u07n	42s747	Basic	Gillemba	Goyang east 10-38	M	1973-05-02	engineer	010-4766-9280	2019-03-20 18:00
q4v52o4iu6	7u36a8y63dm6otkh	Basic	Gilleneekeryn	Paju east 10-99	M	1966-01-17	\N	010-4817-4004	2019-03-21 18:00
i72z93	912as5c9s0	Prime	Gillif	Busan east 214-76	M	2000-02-21	\N	010-4834-6457	2019-03-22 18:00
ueux77c	bx9ne5x8	Premium	Gilselizabellene	Jeju west 25-44	F	1982-04-30	\N	010-4863-6482	2019-03-23 18:00
1l614g4x9hb	5o514ru9h	Premium	Gimurvac	Gumi east 210-72	F	1939-10-23	\N	010-4940-5754	2019-03-24 18:00
rt0f8ft7uh1a	z4p45x4m03i1	Premium	Girith	Ulsan east 13-12	F	1945-06-24	\N	010-4940-9040	2019-03-25 18:00
04c72879337j	ru3y4m	Prime	Glumbaugurh	SoonCheon south 106-57	M	1942-09-25	\N	010-4940-9193	2019-03-26 18:00
rdn0fk	r49bji360e2875	Premium	Gobartidheanaithin	Daegu west 64-2	M	1987-09-21	engineer	010-4957-3213	2019-03-27 18:00
9mbxd75	qzsnx3	Premium	Golane	SoonCheon north 121-36	F	1940-01-05	\N	010-4986-2353	2019-03-28 18:00
m5dpdpwy376d1	6ij16guikkqi54yv	Premium	Gregancht	Paju south 54-38	F	1985-03-23	doctor	010-5022-3838	2019-03-29 18:00
f54ei9c0291	k9g6v23n7	Prime	Grimalbein	Gyeongju south 39-21	F	2013-12-13	\N	010-5049-3354	2019-03-30 18:00
ib03fr6ekep9	c8x4c781tf	Basic	Gulbaelduril	Busan west 240-33	F	1990-05-28	\N	010-5078-4611	2019-03-31 18:00
4qp3war	5539vuvc8	Premium	Gulbullgogi	Changwon east 240-76	F	1970-10-16	\N	010-5133-2503	2019-04-01 18:00
729voi391lpi	857aknnn1qv32611	Premium	Gundeginriedior	Gumi north 50-47	M	1985-09-25	\N	010-5231-9053	2019-04-02 18:00
wr0496nzmtop	k1wv9j8i1	Prime	Gwench	Ulsan north 98-65	M	2016-11-04	\N	\N	2019-04-03 18:00
zz2221t	1701p7	Premium	Gwindolyndhonnoman	Suwon north 84-70	M	1982-05-23	\N	010-5248-9925	2019-04-04 18:00
oadbthd1t6f	eq3u230i88bx7n	Basic	Haliesgarrowan	Goyang east 20-97	M	2014-11-08	\N	010-5266-6803	2019-04-05 18:00
pge6gg2j10sq	4c703yo7sykehe	Premium	Hallac	Gyeongju south 147-86	M	1974-07-25	\N	010-5294-9186	2019-04-06 18:00
k5lngs5e327z	h6e6et3ult97jx00	Premium	Haylandexte	SoonCheon east 236-35	F	1958-10-25	\N	010-5341-1706	2019-04-07 18:00
jiu5vpv5	m8y4d19	Prime	Helymaum	Incheon west 51-63	F	2004-02-29	\N	010-5383-8647	2019-04-08 18:00
v41ko5jcpe5z	6k7g0hxk76z8z2a	Basic	Helynn	Busan west 190-91	M	1978-02-19	\N	010-5442-1284	2019-04-09 18:00
7x81gg56977u	wvd9c69	Premium	Henorion	Goyang west 197-84	F	1991-09-11	cartonnist	010-5487-8919	2019-04-10 18:00
p6v9e4b	dm69ahxy8b85w81	Basic	Hulanmya	Pohang south 164-98	F	1937-09-21	\N	010-5491-2036	2019-04-11 18:00
b858vn	fm6g92	Premium	Hunbec	Daejeon north 88-32	M	1951-12-08	\N	010-5523-7519	2019-04-12 18:00
9fb8f13x89h	5ob38v	Basic	Hunigi	Incheon west 92-64	F	1953-04-07	\N	010-5540-3613	2019-04-13 18:00
rdjcduah4hw34	37o5ds9	Premium	Ilwood	Goyang south 241-40	M	1970-11-21	\N	010-5650-2929	2019-04-14 18:00
3k77h4	46916kp9547	Premium	Imlaithywied	Goyang north 219-1	M	2009-02-08	\N	010-5682-7359	2019-04-15 18:00
4o5r5g	tj0r3c8r0ew27	Premium	Imondaliatisquena	SoonCheon south 221-70	M	1974-10-27	butcher	010-5714-2883	2019-04-16 18:00
weo7okc	31f3xc88lld457v6	Prime	Ingerlys	Jeju north 15-100	M	1987-10-25	\N	010-5721-4021	2019-04-17 18:00
836bbag	f2x00hb35r7	Premium	Ingorm	Busan west 203-21	F	1992-08-29	architect	010-5726-6943	2019-04-18 18:00
02s5g6f	0r67uwbj	Premium	Iordys	Busan north 206-95	M	1961-08-14	baker	010-5790-1228	2019-04-19 18:00
q2q5w64t	31z32t6u9aa2	Premium	Isirin	Incheon east 217-35	F	2009-10-29	\N	010-5821-6583	2019-04-20 18:00
e9k854xy7	hc9028zhu	Premium	Janealed	Gumi south 92-57	F	1963-07-05	\N	010-5869-9092	2019-04-21 18:00
f4pob66egha	4oq8s15342	Prime	Janneoyng	Seoul west 118-26	F	2003-12-16	\N	010-5901-3271	2019-04-22 18:00
mv76dgrfl2uz	53szrhk1nf22	Prime	Jaryania	Incheon south 127-11	F	2019-02-24	\N	\N	2019-04-23 18:00
019648r73669	5dl73133es3v4	Premium	Jeredh	Busan east 39-47	F	1941-12-21	\N	010-5923-4890	2019-04-24 18:00
74q7rs17037	x8l7zh94q5g	Prime	Jermaljom	SoonCheon north 59-96	M	1984-01-01	\N	010-5930-1564	2019-04-25 18:00
dtf5e4y	l010t56y7imzs60q	Premium	Josefanna	Busan north 93-46	F	1993-03-12	cook	010-5976-9486	2019-04-26 18:00
e2ez8el9	7e2u2jh67jv78rlr	Premium	Kachagaun	Ulsan north 231-41	M	1956-04-28	\N	010-5992-3418	2019-04-27 18:00
53374lv27	ru2274231lzj879	Basic	Kathelm	Goyang north 137-20	M	1986-01-13	\N	010-6042-5915	2019-04-28 18:00
24nfg9ry8o8x8	96vwn1x520d610	Premium	Kayline	Seoul east 185-9	F	1968-06-11	\N	010-6044-6306	2019-04-29 18:00
s4r2f3r7	8q6f742wa52j	Premium	Kendelisi	Daegu south 44-63	F	1961-07-22	\N	010-6072-5415	2019-04-30 18:00
5bjvofo08xx	38oxi236bwz	Basic	Kendolfus	Changwon west 155-73	F	1976-01-04	\N	010-6083-9534	2019-05-01 18:00
54vku812zuhj	9o0sqf9	Prime	Kennos	Daejeon south 85-85	M	1959-09-08	butcher	010-6114-8791	2019-05-02 18:00
1jro5c7hbv79r	r535pgj40az6h74	Premium	Kerroughorouz	SoonCheon north 37-50	F	1956-09-06	\N	010-6126-8703	2019-05-03 18:00
lf526lfuy	8awvn11	Premium	Kongard	SoonCheon east 129-78	M	1961-11-27	engineer	010-6179-3081	2019-05-04 18:00
ml4r640	1ey069	Prime	Krisheelee	Ulsan west 171-94	F	2007-11-26	\N	010-6181-3529	2019-05-05 18:00
d16y934k79k4	k2v08fh	Prime	Kyronan	Changwon north 58-25	M	1992-12-17	\N	010-6230-0688	2019-05-06 18:00
5htpe2l08l28	44iopdevd5m87v8	Prime	Lamerial	Changwon west 193-63	M	1949-06-13	\N	010-6244-1679	2019-05-07 18:00
71o6e9jupni7u	7y44350oge9wxz	Premium	Larella	Gyeongju north 43-35	M	1993-06-04	cook	010-6403-3743	2019-05-08 18:00
181nt9b	uqn0175q2ha9u	Basic	Larenonoyo	Suwon north 187-72	M	1953-04-20	baker	010-6404-1664	2019-05-09 18:00
3.71E+91	75j13j1ov	Premium	Liffiellyn	Jeju north 158-1	F	1990-04-02	\N	010-6467-4356	2019-05-10 18:00
awskt179	nvw7j7iqwfdzd1g	Prime	Liutus	Incheon north 128-46	F	1970-05-29	\N	010-6567-3526	2019-05-11 18:00
2x4ug2fa3z	4u0pogr3306	Premium	Loardiccilli	Ulsan north 132-61	F	1950-02-15	journalist	010-6578-7798	2019-05-12 18:00
8x96j119x18wf	7horwduz42n93bb	Prime	Loputtine	Jeju west 133-96	F	1997-05-16	\N	010-6691-3569	2019-05-13 18:00
s44705q	uh9hzi8fo7w	Premium	Lorice	Pohang west 191-48	F	1940-12-28	\N	010-6725-2401	2019-05-14 18:00
5rka89tdm	jo9h349	Premium	Lorink	Jeju north 77-75	M	2017-01-15	cook	010-6778-1093	2019-05-15 18:00
534t02gt45	42q825340g6d6y	Premium	Lorreld	Pohang north 200-83	M	1973-05-02	\N	010-6816-6665	2019-05-16 18:00
70sni1758l70	e6nix1dw8	Premium	Lothaytond	SoonCheon east 17-35	F	2004-07-15	anchor	010-6849-2044	2019-05-17 18:00
97l570x3f	h0287t6v1396d7ke	Basic	Lovisa	Paju south 118-42	M	1977-04-01	\N	010-6862-9821	2019-05-18 18:00
r5325e	k606hmy70ruvz644	Basic	Lucheryan	Goyang north 95-76	F	1941-04-03	\N	010-6866-4637	2019-05-19 18:00
eb66xc7	h59xxdgf0npbz56t	Premium	Luchtaina	Incheon north 181-35	F	1984-06-08	\N	010-6897-0012	2019-05-20 18:00
4a92vkl472	14558s	Premium	Lulfind	Jeju south 98-67	F	1993-04-06	baker	010-6911-4336	2019-05-21 18:00
52q2m3en	11onsg283	Basic	Maethilda	SoonCheon north 45-85	M	2009-09-07	\N	010-6961-5480	2019-05-22 18:00
y96h9953ydw	nj0763	Premium	Marelincales	Busan north 189-46	M	1974-06-22	designer	010-6964-2189	2019-05-23 18:00
657k6kb9umx	d260ce48	Premium	Marelinegina	Incheon north 104-46	M	1976-07-04	\N	010-6977-9405	2019-05-24 18:00
27dbuz7	3ut71u27z	Premium	Marvirlona	Daegu south 80-39	M	1972-11-17	cartonnist	010-6991-3419	2019-05-25 18:00
305kbn4124v	jcnw3dvwfsj0k4y	Basic	Meredyd	Paju south 100-48	F	1989-10-20	\N	010-7011-8046	2019-05-26 18:00
vsch31x	2205j7k24t9	Premium	Merynamza	Goyang west 147-49	M	1962-07-10	\N	010-7030-5858	2019-05-27 18:00
17krye73	koo8p7t2g4905	Premium	Mondolyfiel	SoonCheon north 109-4	F	1966-02-06	\N	010-7035-9347	2019-05-28 18:00
071rnj72	05csaxv	Prime	Muireagoid	Jeju north 167-33	M	1942-07-04	doctor	010-7102-4478	2019-05-29 18:00
2k4nslxb996p	r2bq88aas4	Prime	Naomiran	Incheon south 112-55	F	1949-08-13	\N	010-7104-2208	2019-05-30 18:00
51q7gc	7cl9q97p08if3	Premium	Naresare	Gyeongju south 58-19	M	1970-01-28	engineer	010-7245-6458	2019-05-31 18:00
hqhx6v05r1	0rhqaq1tg04rx48	Prime	Natavalie	Suwon east 120-56	F	1953-09-20	cook	010-7258-2944	2019-06-01 18:00
8ulk64j35k1	01433c47570bm	Premium	Ndalrond	Pohang west 200-99	M	2011-01-05	\N	010-7279-9881	2019-06-02 18:00
4p6wk9	62dh6ol5jh0u6j7	Prime	Ndhaeojiji	Pohang north 12-87	F	1948-10-07	\N	010-7282-8560	2019-06-03 18:00
jjggje5	u76u90dqv13l4	Basic	Neiliesensigebina	Daejeon east 78-80	F	1977-05-17	\N	010-7366-3546	2019-06-04 18:00
p8y0o9s503198	61703ivqp	Premium	Neilismoking	Busan north 79-65	F	1974-07-25	\N	010-7377-6606	2019-06-05 18:00
73th052p	2755bft	Prime	Nichen	Changwon east 155-72	F	1964-09-16	\N	010-7396-8859	2019-06-06 18:00
yg30h9ji	2u505osdx4	Prime	Nualancisp	Goyang north 178-74	F	1996-09-20	\N	010-7466-7565	2019-06-07 18:00
qeb4z482x	8q48kq8115j	Premium	Odhell	Pohang south 84-50	M	1967-05-08	\N	010-7495-2287	2019-06-08 18:00
i2t4037	bj074o434p95pk	Prime	Orvelener	Incheon north 136-42	F	2015-04-09	\N	010-7504-0271	2019-06-09 18:00
xhaj7pc	v3g084899	Premium	Ottiere	Daegu east 108-47	F	2005-06-10	\N	010-7516-9530	2019-06-10 18:00
1887h9rv2o7	12om715c	Premium	Ottiver	Suwon east 35-24	M	1962-09-09	\N	010-7524-2652	2019-06-11 18:00
4tkh6too	x2zyy3e20s8vs4u2	Basic	Patrado	Gumi east 161-66	F	1967-03-27	\N	010-7543-9876	2019-06-12 18:00
dvkxs695530	8a2e1z	Prime	Perporpeter	Suwon east 205-42	M	1942-03-29	anchor	010-7554-8433	2019-06-13 18:00
4y77myq9d	5dd1s8ed	Basic	Pethill	SoonCheon south 211-99	M	1950-05-01	\N	010-7558-1168	2019-06-14 18:00
rephvzixb	6b4c8s6i4dce85	Basic	Piprichea	SoonCheon east 72-54	M	1954-03-28	\N	010-7562-2583	2019-06-15 18:00
1myz275q5t6j	9wmul5xh9	Premium	Prabirina	Changwon south 92-76	F	2007-12-23	journalist	010-7575-8211	2019-06-16 18:00
vl7818x7k	7563502d	Premium	Praedwyndexie	SoonCheon west 63-59	M	1977-01-20	architect	010-7606-8858	2019-06-17 18:00
sks1vt	x46184	Premium	Praedxumazn	SoonCheon north 177-55	M	1953-04-07	cartonnist	010-7630-8717	2019-06-18 18:00
56h62te0x03	1tk0z9dr789	Premium	Prapsari	Suwon east 90-18	M	2008-07-22	\N	010-7669-0634	2019-06-19 18:00
q0221p	tpt99xx55y0468	Prime	Prassy	Changwon south 24-77	F	1999-03-06	architect	010-7695-3735	2019-06-20 18:00
65wi4rhgg2j	qaxdfg50yed2yx	Premium	Pthinna	Daegu south 177-21	M	1991-09-13	\N	010-7700-9881	2019-06-21 18:00
01f863fb1ndjb	x8j0y4zxa	Premium	Quircanthe	Paju west 180-15	M	1970-06-11	cook	010-7736-8704	2019-06-22 18:00
s20up8am9z	t106xju8xp9j	Prime	Randen	Seoul west 128-68	F	1979-01-04	\N	010-7740-7585	2019-06-23 18:00
4f3qao5lzb42b	g9pb8l6	Prime	Reenegan	Pohang south 245-8	M	1959-07-22	cook	010-7764-3619	2019-06-24 18:00
9014yvu2j9fm	8259ijw9	Premium	Reenen	Goyang west 88-23	F	1973-02-10	\N	010-7794-7395	2019-06-25 18:00
u42wf844	9hgds0722	Premium	Reprongelwin	Changwon west 168-80	F	2008-05-24	\N	010-7800-3375	2019-06-26 18:00
6gn2flckyl	gn2yoi7464	Premium	Rhiodsontereochnin	Gyeongju east 175-21	M	2004-04-19	engineer	010-7839-5420	2019-06-27 18:00
t583s7w11	992x4f	Basic	Rhygbain	Daejeon west 168-35	M	2019-07-07	architect	010-7855-2375	2019-06-28 18:00
x98t7o50zam3	hw82q5q88y	Premium	Rigaconaxyn	Ulsan north 196-84	M	1976-01-12	baker	010-7862-4054	2019-06-29 18:00
1hb47x3	x6qqms76	Prime	Rigaconwyth	Daegu east 28-59	F	1992-11-26	\N	010-7886-4369	2019-06-30 18:00
1440ch0ow3	qj9x07	Basic	Ritlyn	Gyeongju west 203-83	F	1981-09-19	\N	010-7904-3836	2019-07-01 18:00
w70d0u881lp	9w53rp	Premium	Rolindana	Busan south 203-2	M	1988-05-04	\N	010-7951-2488	2019-07-02 18:00
cmqpa581jft04	8g7e339q19wnt	Premium	Sadburg	Incheon north 170-46	M	1939-05-06	\N	010-8026-3000	2019-07-03 18:00
7rx7wh1b7yjts	ax8498r0gy3kjq	Premium	Sammen	SoonCheon north 20-85	F	2007-01-22	\N	010-8257-8100	2019-07-04 18:00
q20i3zbfm4l0	yw3a4of59vfqiq56	Premium	Samtan	Pohang north 43-82	M	1983-05-25	engineer	010-8263-2145	2019-07-05 18:00
m0e450cc306bo	8t0cw4fq7u32g	Premium	Samustin	Busan east 37-36	M	2015-06-25	\N	010-8270-2269	2019-07-06 18:00
lq2er497dy2g6	y9rrp449q52f8mm	Prime	Samutinayo	Busan north 232-6	M	2013-03-06	\N	010-8274-4811	2019-07-07 18:00
vo4v76p	a9z79p8fv1l7z0	Premium	Sandur	Daegu east 110-19	F	1979-01-06	\N	010-8283-9368	2019-07-08 18:00
3o1z1b762tr	a0j397k7ax252vn5	Prime	Sarath	Suwon east 180-95	M	1979-05-20	\N	010-8335-4896	2019-07-09 18:00
y42408479gw5	081kk8el86xehv	Premium	Schergeseibet	Changwon north 175-94	F	1998-12-17	\N	010-8345-9500	2019-07-10 18:00
16zz27555407	jaw426d	Premium	Sebrenus	Gyeongju east 44-37	F	1969-02-27	\N	010-8345-9701	2019-07-11 18:00
p9sm85	u6z3xsu6y406	Basic	Seporene	Changwon east 60-10	F	1965-02-21	butcher	010-8364-3748	2019-07-12 18:00
ap5567	690bw41b8cmq12w	Premium	Shalind	Daegu south 186-43	M	1941-02-09	\N	010-8371-4541	2019-07-13 18:00
c58818tx24	7l0he2t43n0007x8	Basic	Sibrank	Paju north 232-87	M	1971-07-01	\N	010-8397-3693	2019-07-14 18:00
nr6nn16abq	0r21vg726ew	Basic	Sidrim	Ulsan south 32-92	M	1973-02-05	\N	010-8420-1416	2019-07-15 18:00
dc0561qf	hn6kky3p6oi521	Basic	Sigernart	Seoul south 227-59	F	1983-02-10	butcher	010-8421-8961	2019-07-16 18:00
9zskog55080n	8ql996rx63u	Premium	Sigeropp	Gumi west 196-92	F	1957-01-24	\N	010-8434-4183	2019-07-17 18:00
ma18m38yc5	1924td8spr	Premium	Siriamianhe	Busan west 65-1	F	1962-08-06	\N	010-8442-1703	2019-07-18 18:00
li43cb45b84m4	pq3vyonam4	Prime	Siriathrian	Changwon north 218-95	F	1955-07-01	journalist	010-8515-7504	2019-07-19 18:00
9cb5bk68t	p9862vw172p9	Basic	Sofeca	Daejeon west 239-80	F	2019-03-29	\N	010-8541-9352	2019-07-20 18:00
301683sg	j9aijy9o8160311	Prime	Solvegenus	Daegu south 157-43	M	2007-07-04	\N	010-8621-4728	2019-07-21 18:00
x6057c6j	33e35z0q3y6t	Premium	Solvigious	Ulsan west 192-39	M	1938-07-22	\N	010-8632-1213	2019-07-22 18:00
zx9ayf4	0396ca49m	Premium	Spadys	Gumi west 97-41	F	2005-04-12	journalist	010-8659-2338	2019-07-23 18:00
9n5eek	5e4dowbrq	Basic	Svavanui	Busan south 14-24	M	1973-02-24	baker	010-8744-2844	2019-07-24 18:00
qp34gbkh935	971h8mj57l0w7n	Prime	Syzdenza	Jeju west 218-95	F	1953-05-29	\N	010-8744-3638	2019-07-25 18:00
65279hmzm21	54594p	Basic	Tabaith	Changwon west 204-10	M	1948-09-20	\N	010-8772-4100	2019-07-26 18:00
6rc5h00qe41	pnq5wuif2m	Prime	Tatigiduwaith	Seoul west 205-85	F	2018-01-07	engineer	010-8782-7805	2019-07-27 18:00
nc147342hrk	hni2sc	Premium	Taxine	Seoul south 182-90	F	1936-04-06	journalist	010-8804-5579	2019-07-28 18:00
382x9a2ff89xz	91160ll25iyv	Basic	Teria	Busan west 32-47	M	1940-06-03	\N	010-8825-2788	2019-07-29 18:00
5q4qs76	1p31ifz8a	Prime	Teverconnethure	Gumi south 67-59	F	2013-02-13	\N	010-8832-5684	2019-07-30 18:00
q7c8c5ax64791	1vz7w8lsl84	Premium	Teverconture	Gumi south 222-45	M	2009-07-19	\N	010-8840-2840	2019-07-31 18:00
m1ir482e6	thbjp4	Prime	Texxas	Incheon north 70-1	M	2003-02-22	baker	010-8867-4210	2019-08-01 18:00
v4029qgqih0v4	az4u2f28xq77p	Prime	Thelmie	Busan east 181-52	F	1948-05-24	\N	010-8900-6389	2019-08-02 18:00
js048z	o53a5uo	Premium	Themies	Suwon east 8-62	F	1968-03-18	\N	010-8927-9655	2019-08-03 18:00
f67ebt3i3jy	0t4g039	Premium	Thimianefsunn	Pohang west 79-62	F	2011-06-17	\N	010-8936-2742	2019-08-04 18:00
x6ib125	mq50j19	Basic	Thovenmeo	Ulsan south 175-84	F	1936-11-23	\N	010-8993-0860	2019-08-05 18:00
qz7sbc4z86f	5p4th2n5ra	Basic	Thrythena	Gyeongju south 142-49	M	1959-09-28	journalist	010-9012-3592	2019-08-06 18:00
5x85z207cp35	x58pe2d550d9d3a2	Premium	Thurinnia	Seoul east 110-88	F	1979-07-05	\N	010-9018-0353	2019-08-07 18:00
mg87zz2	3fnr1s8	Premium	Timola	Daejeon south 242-60	F	1987-12-24	\N	010-9046-5178	2019-08-08 18:00
ci591751l	5if6uv4hknc9510	Basic	Toriathgealla	Goyang north 96-55	F	1993-03-11	cartonnist	010-9047-8619	2019-08-09 18:00
7zt1d0008b87v	s5iengk9trv8	Basic	Trester	Pohang north 46-33	F	1944-06-15	\N	010-9071-0585	2019-08-10 18:00
rf42p2w20	3a65l22p	Premium	Tripired	Suwon north 104-68	F	1958-10-21	\N	010-9108-8836	2019-08-11 18:00
974wr1wl31n54	w437422gri08	Premium	Tristyn	Daejeon north 153-14	M	1935-03-15	\N	010-9158-3991	2019-08-12 18:00
0l65640	2zp95b6	Premium	Tumlairett	Goyang west 85-19	M	1937-10-16	\N	010-9162-0298	2019-08-13 18:00
1oa4c3n79k6	z39c62nbv65s7qn	Prime	Tumlanutz	Gumi south 112-4	F	1986-06-02	\N	010-9198-5425	2019-08-14 18:00
g24s0wawv	wev7w336	Prime	Udurat	SoonCheon north 1-80	M	1995-06-01	\N	010-9293-5669	2019-08-15 18:00
t0175669	y6hibm4m	Premium	Uduratllti	Paju south 214-71	F	1971-08-01	\N	010-9310-9871	2019-08-16 18:00
1n9dye1905p73	fdak22jq	Prime	Unphegenus	Gyeongju east 203-65	F	2004-02-17	\N	010-9349-3774	2019-08-17 18:00
p0x741u	75zcn1p35l2tr	Premium	Unphexus	Gumi south 83-44	F	2014-12-02	\N	010-9362-8526	2019-08-18 18:00
1th9t71v	hbiko5	Premium	Valina	Paju west 207-88	F	1949-06-12	\N	010-9371-0187	2019-08-19 18:00
50k697806	26c5d396y79	Basic	Vegill	Daejeon south 31-21	M	1988-06-10	\N	010-9384-4370	2019-08-20 18:00
dy5d7p3	i8vancy52228a	Premium	Velinus	Pohang west 32-94	F	1982-10-29	architect	010-9393-7304	2019-08-21 18:00
z20cxcojw	6096on57m4a09aae	Prime	Vicath	Goyang north 53-97	F	1952-05-29	baker	010-9394-1221	2019-08-22 18:00
0tfm13gg2d	0zw4l190r5j	Basic	VicathSoka	Gumi east 61-66	F	1969-08-01	\N	010-9440-7534	2019-08-23 18:00
23y4pwp3d	07p749znjio6gg37	Premium	Vilbellans	Incheon east 22-21	F	1935-09-24	\N	010-9483-1149	2019-08-24 18:00
6f2hw73wv8	xr38o336fi9k	Basic	Vonnach	Seoul south 158-51	F	1974-08-17	\N	010-9491-3642	2019-08-25 18:00
dk028334	x6w0tsd70hrzil78	Prime	Wereena	Daegu north 67-48	M	1983-09-10	\N	010-9500-0751	2019-08-26 18:00
2f4h0y6	u68050bz67	Prime	Wireghiderr	Daegu south 225-94	M	1957-02-03	\N	010-9586-3951	2019-08-27 18:00
d2y3ye	7857il6	Prime	Wolder	Busan north 72-60	M	1950-04-13	\N	010-9593-2315	2019-08-28 18:00
2oj52zo112	l5x04n4m	Premium	Wolfboy	SoonCheon south 184-53	M	1943-12-09	\N	010-9630-0641	2019-08-29 18:00
p1od42p	si3772jo331p5	Prime	Xabillippa	Daegu east 156-39	F	1998-07-06	\N	010-9659-2327	2019-08-30 18:00
su53mgo8gzqw	t3b60rw1a831k0	Premium	Xaburk	Goyang west 250-23	M	1984-11-08	\N	010-9679-1925	2019-08-31 18:00
j1y93d92r5	0yxp79	Premium	Xandyn	SoonCheon north 55-51	F	1972-07-15	\N	010-9722-0225	2019-09-01 18:00
2s2d21t71	4gbg01j33dw2j6d6	Prime	Xytripinnindoleth	Incheon west 139-49	M	1940-09-25	\N	010-9757-0342	2019-09-02 18:00
ug59mcv	h495f7791u	Premium	Zarone	Incheon east 31-38	M	1941-07-10	\N	010-9772-9066	2019-09-03 18:00
q908i94l651	oy666pa5	Basic	Ziftonessonbie	Incheon west 204-35	F	1973-11-11	designer	010-9794-8652	2019-09-04 18:00
u688h2z	t1c49uw3y	Premium	Ziftonessoth	Daejeon west 197-98	F	1944-06-11	cook	010-9823-6366	2019-09-05 18:00
y1ohkh37bb4o	p6298363u	Premium	Zoblin	Gumi north 188-52	F	1981-04-18	\N	010-9975-9749	2019-09-06 18:00
ai6021olqnji	97nwg7	Basic	Zormant	Jeju west 80-2	F	1935-06-24	architect	010-9993-0244	2019-09-07 18:00
